{
    "overall": {
        "precision": 0.843033473244977,
        "recall": 0.597872340425532,
        "f1": 0.6821603372348584,
        "num_samples": 217
    },
    "class": {
        "attention": {
            "precision": 0.6363636363636364,
            "recall": 0.3888888888888889,
            "f1": 0.4827586206896552,
            "num_samples": 18
        },
        "autoencoders": {
            "precision": 1,
            "recall": 0.5,
            "f1": 0.6666666666666666,
            "num_samples": 6
        },
        "computer-vision": {
            "precision": 0.7407407407407407,
            "recall": 0.6896551724137931,
            "f1": 0.7142857142857143,
            "num_samples": 58
        },
        "convolutional-neural-networks": {
            "precision": 0.7142857142857143,
            "recall": 0.3125,
            "f1": 0.43478260869565216,
            "num_samples": 16
        },
        "data-augmentation": {
            "precision": 1,
            "recall": 0.5,
            "f1": 0.6666666666666666,
            "num_samples": 6
        },
        "embeddings": {
            "precision": 1,
            "recall": 0.8888888888888888,
            "f1": 0.9411764705882353,
            "num_samples": 9
        },
        "flask": {
            "precision": 0,
            "recall": 0,
            "f1": 0,
            "num_samples": 5
        },
        "generative-adversarial-networks": {
            "precision": 0.7142857142857143,
            "recall": 0.45454545454545453,
            "f1": 0.5555555555555556,
            "num_samples": 11
        },
        "graph-neural-networks": {
            "precision": 0.875,
            "recall": 1,
            "f1": 0.9333333333333333,
            "num_samples": 7
        },
        "graphs": {
            "precision": 0.75,
            "recall": 0.75,
            "f1": 0.75,
            "num_samples": 12
        },
        "huggingface": {
            "precision": 0.8571428571428571,
            "recall": 0.6,
            "f1": 0.7058823529411764,
            "num_samples": 10
        },
        "image-classification": {
            "precision": 0.6666666666666666,
            "recall": 0.2222222222222222,
            "f1": 0.3333333333333333,
            "num_samples": 9
        },
        "interpretability": {
            "precision": 0.8,
            "recall": 0.5,
            "f1": 0.6153846153846154,
            "num_samples": 8
        },
        "keras": {
            "precision": 0.875,
            "recall": 0.5,
            "f1": 0.6363636363636364,
            "num_samples": 14
        },
        "language-modeling": {
            "precision": 1,
            "recall": 0.75,
            "f1": 0.8571428571428571,
            "num_samples": 4
        },
        "natural-language-processing": {
            "precision": 0.7966101694915254,
            "recall": 0.734375,
            "f1": 0.7642276422764227,
            "num_samples": 64
        },
        "node-classification": {
            "precision": 1,
            "recall": 0.6,
            "f1": 0.7499999999999999,
            "num_samples": 5
        },
        "object-detection": {
            "precision": 1,
            "recall": 0.7142857142857143,
            "f1": 0.8333333333333333,
            "num_samples": 14
        },
        "pretraining": {
            "precision": 1,
            "recall": 0.25,
            "f1": 0.4,
            "num_samples": 4
        },
        "production": {
            "precision": 0.75,
            "recall": 0.375,
            "f1": 0.5,
            "num_samples": 8
        },
        "pytorch": {
            "precision": 0.9393939393939394,
            "recall": 0.7948717948717948,
            "f1": 0.8611111111111112,
            "num_samples": 39
        },
        "question-answering": {
            "precision": 1,
            "recall": 0.25,
            "f1": 0.4,
            "num_samples": 8
        },
        "regression": {
            "precision": 0.6666666666666666,
            "recall": 0.2857142857142857,
            "f1": 0.4,
            "num_samples": 7
        },
        "reinforcement-learning": {
            "precision": 1,
            "recall": 0.7777777777777778,
            "f1": 0.8750000000000001,
            "num_samples": 9
        },
        "representation-learning": {
            "precision": 1,
            "recall": 0.5454545454545454,
            "f1": 0.7058823529411764,
            "num_samples": 11
        },
        "scikit-learn": {
            "precision": 0.75,
            "recall": 0.3333333333333333,
            "f1": 0.46153846153846156,
            "num_samples": 9
        },
        "segmentation": {
            "precision": 0.75,
            "recall": 0.42857142857142855,
            "f1": 0.5454545454545454,
            "num_samples": 7
        },
        "self-supervised-learning": {
            "precision": 1,
            "recall": 0.6,
            "f1": 0.7499999999999999,
            "num_samples": 5
        },
        "tensorflow": {
            "precision": 0.92,
            "recall": 0.71875,
            "f1": 0.8070175438596492,
            "num_samples": 32
        },
        "tensorflow-js": {
            "precision": 1,
            "recall": 0.2,
            "f1": 0.33333333333333337,
            "num_samples": 5
        },
        "time-series": {
            "precision": 1,
            "recall": 0.8,
            "f1": 0.888888888888889,
            "num_samples": 5
        },
        "transfer-learning": {
            "precision": 1,
            "recall": 0.25,
            "f1": 0.4,
            "num_samples": 8
        },
        "transformers": {
            "precision": 0.95,
            "recall": 0.6129032258064516,
            "f1": 0.7450980392156863,
            "num_samples": 31
        },
        "unsupervised-learning": {
            "precision": 1,
            "recall": 0.3333333333333333,
            "f1": 0.5,
            "num_samples": 6
        }
    },
    "slices": {
        "class": {
            "cv_transformers": {
                "precision": 1,
                "recall": 0.5,
                "f1": 0.6666666666666666,
                "num_samples": 3
            },
            "short_text": {
                "precision": 0.8333333333333334,
                "recall": 1,
                "f1": 0.9090909090909091,
                "num_samples": 4
            }
        },
        "overall": {
            "precision": 0.9047619047619048,
            "recall": 0.7857142857142857,
            "f1": 0.8051948051948052
        }
    }
}